<?xml version='1.0' encoding='UTF-8' standalone='yes'?>
<PROJECT ENCODING_MIB="2252">
 <TIMESTAMP CREATED="1766167107" CUSTID="1211083910" FILEVER="907" MODIFIED="1766253756" RELEASE="900"/>
 <VARIANTS/>
 <DEBUG>
  <System_Scope SCROLLPOS="0." TRIGCURSORS="FALSE" CHAPOS="0" CHAVAL="5." CHBACDC="0" CHCINV="FALSE" CHCPOS="0" CHCSUM="FALSE" TRIGAUTO="TRUE" CHAINV="FALSE" CHBINV="FALSE" TRIGSRC="0" CHDINV="FALSE" CHASUM="FALSE" CHBVAL="5." CHCVAL="5." CHCACDC="0" TRIGACDC="1" HORIZVAL="1.e-003" CHBPOS="0" CHDVAL="5." CHAACDC="0" TRIGEDGE="0" HORIZSRC="0" CHDACDC="0" CHDPOS="0" TRIGONESHOT="FALSE" TRIGLEVEL="0"/>
 </DEBUG>
 <SCRIPTS>
  <STRING>PWRRAILS.DAT</STRING>
 </SCRIPTS>
</PROJECT>
